https://www.youtube.com/watch?v=9_sDKzmaxFw,【マシュマロ】飲む。みんなで夜更かししたい気持ち。気持ちだけ。【星川サラ_にじさんじ】
https://www.youtube.com/watch?v=UAAFvpPBYt8,＃16【Minecraft～にじ鯖～】住民厳選とお店つくり5日め　season2 【アルス・アルマル_にじさんじ】
https://www.youtube.com/watch?v=E32-7iQ-7cA,ラーメン屋を経営させてください。
https://www.youtube.com/watch?v=TXqzg2iXklE,♦ナゾトキのもり♣
https://www.youtube.com/watch?v=pe6l-NDOB40,お菓子くれなかったライバーたちにイタズラする
https://www.youtube.com/watch?v=1VFPK_rs0wU,APEX  ｜僕は今日もランクに行く【にじさんじ_叶】
https://www.youtube.com/watch?v=ydkLps8LXzo,[AMONG US] BODY DOKO
https://www.youtube.com/watch?v=UAbvXF5a_rw,【ひろゆき】君は地面を踏み、明日は地面が君を覆う。 Cuvée des Trollsを呑みながら。2020_11_10 M23
https://www.youtube.com/watch?v=Yva28FzjLhA,【 雑 】ヨウアーキン【 #Zatsu 】
https://www.youtube.com/watch?v=VQu7r649K0s,深夜じゃけど歌ってもいいかのう？【 竜胆 尊 _ にじさんじ 】
https://www.youtube.com/watch?v=LhoPcWt8BNg,🔴 iPhone 12 直前ライブ！ 今年もiPhoneだけなの! #AppleEvent
https://www.youtube.com/watch?v=LN6dx5S6G9Q,【耐久歌枠】登録者20万人達成するまで歌う！！！！！Singing Stream【町田ちま_にじさんじ】
https://www.youtube.com/watch?v=Mt40RYc7znc,新元号公表―平成31年4月1日
https://www.youtube.com/watch?v=DgZD2MxiBbQ,安倍内閣総理大臣記者会見―令和2年8月28日
https://www.youtube.com/watch?v=UhIX_FYc4SI,菅総理就任記者会見―令和2年9月16日
https://www.youtube.com/watch?v=9icJ1cb3fDE,【にじさんじ】ハロウィンじゃないから呪怨やる【恐怖体感呪怨】
https://www.youtube.com/watch?v=rkFvlkFgb9Y,11月契約者総会【にじさんじ_でびでび・でびる】
https://www.youtube.com/watch?v=cxHfXYqEJP4,緊急グリーンルージュ3Dでなにかする配信　ラジオとグルメとリズム天国と卓球をしたよ　花畑チャイカ　ジョー・力一　椎名唯華
https://www.youtube.com/watch?v=734vM9BgCy4,【雑談】徒然なるままにしぐれうい
https://www.youtube.com/watch?v=aFNCqrdOrlg,【VS御伽原江良】#ぐんぎば 猿vsゴリラ！3Dオフコラボで発狂対決！【にじさんじ郡道美玲】
https://www.youtube.com/watch?v=2WSHQtP_W0o,AMD Ryzen 5000レビュー、ここまで驚異的とは思わなかった【Ryzen 7 5800X】
https://www.youtube.com/watch?v=vN4BCw9i_Jg,フレン・E・ルスタリオ に 小学校の算数 全部教えます【にじさんじ】
https://www.youtube.com/watch?v=NRNjCytm4Go,【オフコラボ】念願の！2人で歌ったり喋ったり！！#星色組【星川サラ_にじさんじ_夏色まつり_ホロライブ】
